<?xml version="1.0" encoding="UTF-8"?>
<project-private xmlns="http://www.netbeans.org/ns/project-private/1">
    <editor-bookmarks xmlns="http://www.netbeans.org/ns/editor-bookmarks/1"/>
    <open-files xmlns="http://www.netbeans.org/ns/projectui-open-files/1">
        <file>file:/C:/Users/jonathan/books/Beginning%20Java%20Game%20Programming%203E/chapter02/SimpleClass%20(NetBeans)/src/SimpleClass.java</file>
        <file>file:/C:/Users/jonathan/books/Beginning%20Java%20Game%20Programming%203E/chapter02/SimpleClass%20(NetBeans)/src/truck.java</file>
        <file>file:/C:/Users/jonathan/books/Beginning%20Java%20Game%20Programming%203E/chapter02/SimpleClass%20(NetBeans)/src/vehicle.java</file>
    </open-files>
</project-private>
